北方向のfix率[%],東方向のfix率[%],鉛直方向のfix率[%]
39.8989898990,39.8989898990,33.8383838384
北方向のばらつきの平均[m],東方向のばらつきの平均[m],鉛直方向のばらつきの平均[m]
8.1305322494,8.1305322494,130.0885159903
北方向のばらつき[m],東方向のばらつき[m],鉛直方向のばらつき[m]
11.8336000000,11.8336000000,189.3376000000
11.8336000000,11.8336000000,189.3376000000
11.8336000000,11.8336000000,189.3376000000
9.4864000000,9.4864000000,151.7824000000
8.2944000000,8.2944000000,132.7104000000
9.9856000000,9.9856000000,159.7696000000
8.2944000000,8.2944000000,132.7104000000
9.9856000000,9.9856000000,159.7696000000
7.1824000000,7.1824000000,114.9184000000
7.1824000000,7.1824000000,114.9184000000
6.5536000000,6.5536000000,104.8576000000
6.5536000000,6.5536000000,104.8576000000
7.1824000000,7.1824000000,114.9184000000
6.5536000000,6.5536000000,104.8576000000
5.9536000000,5.9536000000,95.2576000000
5.9536000000,5.9536000000,95.2576000000
7.1824000000,7.1824000000,114.9184000000
6.5536000000,6.5536000000,104.8576000000
6.5536000000,6.5536000000,104.8576000000
6.5536000000,6.5536000000,104.8576000000
7.1824000000,7.1824000000,114.9184000000
7.1824000000,7.1824000000,114.9184000000
7.1824000000,7.1824000000,114.9184000000
7.1824000000,7.1824000000,114.9184000000
7.1824000000,7.1824000000,114.9184000000
8.2944000000,8.2944000000,132.7104000000
8.2944000000,8.2944000000,132.7104000000
8.2944000000,8.2944000000,132.7104000000
8.2944000000,8.2944000000,132.7104000000
10.7584000000,10.7584000000,172.1344000000
13.2496000000,13.2496000000,211.9936000000
10.4976000000,10.4976000000,167.9616000000
10.4976000000,10.4976000000,167.9616000000
13.2496000000,13.2496000000,211.9936000000
10.4976000000,10.4976000000,167.9616000000
8.2944000000,8.2944000000,132.7104000000
8.2944000000,8.2944000000,132.7104000000
10.4976000000,10.4976000000,167.9616000000
8.2944000000,8.2944000000,132.7104000000
10.4976000000,10.4976000000,167.9616000000
11.8336000000,11.8336000000,189.3376000000
9.4864000000,9.4864000000,151.7824000000
11.5600000000,11.5600000000,184.9600000000
14.7456000000,14.7456000000,235.9296000000
11.5600000000,11.5600000000,184.9600000000
8.2944000000,8.2944000000,132.7104000000
14.7456000000,14.7456000000,235.9296000000
11.5600000000,11.5600000000,184.9600000000
9.4864000000,9.4864000000,151.7824000000
11.8336000000,11.8336000000,189.3376000000
8.2944000000,8.2944000000,132.7104000000
8.2944000000,8.2944000000,132.7104000000
10.4976000000,10.4976000000,167.9616000000
8.2944000000,8.2944000000,132.7104000000
8.2944000000,8.2944000000,132.7104000000
11.5600000000,11.5600000000,184.9600000000
8.2944000000,8.2944000000,132.7104000000
8.2944000000,8.2944000000,132.7104000000
10.4976000000,10.4976000000,167.9616000000
8.2944000000,8.2944000000,132.7104000000
8.2944000000,8.2944000000,132.7104000000
10.4976000000,10.4976000000,167.9616000000
7.6176000000,7.6176000000,121.8816000000
8.0656000000,8.0656000000,129.0496000000
10.4976000000,10.4976000000,167.9616000000
8.0656000000,8.0656000000,129.0496000000
7.6176000000,7.6176000000,121.8816000000
10.7584000000,10.7584000000,172.1344000000
7.6176000000,7.6176000000,121.8816000000
7.6176000000,7.6176000000,121.8816000000
9.7344000000,9.7344000000,155.7504000000
7.6176000000,7.6176000000,121.8816000000
0.0044890000,0.0044890000,0.0718240000
0.0002310400,0.0002310400,0.0036966400
0.0001849600,0.0001849600,0.0029593600
0.0001795600,0.0001795600,0.0028729600
0.0002310400,0.0002310400,0.0036966400
0.0001795600,0.0001795600,0.0028729600
0.0001849600,0.0001849600,0.0029593600
0.0002310400,0.0002310400,0.0036966400
0.0001849600,0.0001849600,0.0029593600
0.0001960000,0.0001960000,0.0031360000
0.0002310400,0.0002310400,0.0036966400
0.0001960000,0.0001960000,0.0031360000
0.0001960000,0.0001960000,0.0031360000
0.0002624400,0.0002624400,0.0041990400
0.0001960000,0.0001960000,0.0031360000
0.0001960000,0.0001960000,0.0031360000
0.0002624400,0.0002624400,0.0041990400
0.0001960000,0.0001960000,0.0031360000
0.0001960000,0.0001960000,0.0031360000
0.0002624400,0.0002624400,0.0041990400
0.0001904400,0.0001904400,0.0030470400
0.0001904400,0.0001904400,0.0030470400
0.0002624400,0.0002624400,0.0041990400
0.0001904400,0.0001904400,0.0030470400
0.0001904400,0.0001904400,0.0030470400
0.0001904400,0.0001904400,0.0030470400
0.0001904400,0.0001904400,0.0030470400
0.0002624400,0.0002624400,0.0041990400
0.0002624400,0.0002624400,0.0041990400
0.0002624400,0.0002624400,0.0041990400
0.0002624400,0.0002624400,0.0041990400
0.0002624400,0.0002624400,0.0041990400
0.0002624400,0.0002624400,0.0041990400
0.0003027600,0.0003027600,0.0048441600
0.0003027600,0.0003027600,0.0048441600
0.0002250000,0.0002250000,0.0036000000
0.0002250000,0.0002250000,0.0036000000
0.0003027600,0.0003027600,0.0048441600
0.0001904400,0.0001904400,0.0030470400
0.0001904400,0.0001904400,0.0030470400
0.0002624400,0.0002624400,0.0041990400
0.0002250000,0.0002250000,0.0036000000
0.0001960000,0.0001960000,0.0031360000
0.0002624400,0.0002624400,0.0041990400
0.0001904400,0.0001904400,0.0030470400
0.0001960000,0.0001960000,0.0031360000
0.0002624400,0.0002624400,0.0041990400
0.0001960000,0.0001960000,0.0031360000
0.0001960000,0.0001960000,0.0031360000
0.0002624400,0.0002624400,0.0041990400
0.0001960000,0.0001960000,0.0031360000
0.0001960000,0.0001960000,0.0031360000
0.0002624400,0.0002624400,0.0041990400
0.0001904400,0.0001904400,0.0030470400
0.0001904400,0.0001904400,0.0030470400
0.0003240000,0.0003240000,0.0051840000
0.0002624400,0.0002624400,0.0041990400
0.0002624400,0.0002624400,0.0041990400
0.0002624400,0.0002624400,0.0041990400
0.0002624400,0.0002624400,0.0041990400
0.0001904400,0.0001904400,0.0030470400
0.0001904400,0.0001904400,0.0030470400
0.0001904400,0.0001904400,0.0030470400
0.0002624400,0.0002624400,0.0041990400
0.0002624400,0.0002624400,0.0041990400
0.0002624400,0.0002624400,0.0041990400
0.0002624400,0.0002624400,0.0041990400
0.0002624400,0.0002624400,0.0041990400
0.0002624400,0.0002624400,0.0041990400
0.0002624400,0.0002624400,0.0041990400
0.0002624400,0.0002624400,0.0041990400
0.0002624400,0.0002624400,0.0041990400
0.0002624400,0.0002624400,0.0041990400
0.0002624400,0.0002624400,0.0041990400
0.0002624400,0.0002624400,0.0041990400
0.0002624400,0.0002624400,0.0041990400
0.0002560000,0.0002560000,0.0040960000
0.0002560000,0.0002560000,0.0040960000
0.0002822400,0.0002822400,0.0045158400
0.0002822400,0.0002822400,0.0045158400
0.0002822400,0.0002822400,0.0045158400
0.0002822400,0.0002822400,0.0045158400
0.0002822400,0.0002822400,0.0045158400
0.0002822400,0.0002822400,0.0045158400
0.0002822400,0.0002822400,0.0045158400
0.0002822400,0.0002822400,0.0045158400
0.0002822400,0.0002822400,0.0045158400
0.0002822400,0.0002822400,0.0045158400
0.0002822400,0.0002822400,0.0045158400
0.0002822400,0.0002822400,0.0045158400
0.0002822400,0.0002822400,0.0045158400
0.0002822400,0.0002822400,0.0045158400
0.0002755600,0.0002755600,0.0044089600
0.0002755600,0.0002755600,0.0044089600
0.0002755600,0.0002755600,0.0044089600
0.0002755600,0.0002755600,0.0044089600
0.0002755600,0.0002755600,0.0044089600
0.0002755600,0.0002755600,0.0044089600
0.0002755600,0.0002755600,0.0044089600
0.0002755600,0.0002755600,0.0044089600
0.0002755600,0.0002755600,0.0044089600
0.0003534400,0.0003534400,0.0056550400
0.0003459600,0.0003459600,0.0055353600
0.0003459600,0.0003459600,0.0055353600
0.0003459600,0.0003459600,0.0055353600
0.0002755600,0.0002755600,0.0044089600
0.0002822400,0.0002822400,0.0045158400
0.0002755600,0.0002755600,0.0044089600
0.0002755600,0.0002755600,0.0044089600
0.0002755600,0.0002755600,0.0044089600
0.0002822400,0.0002822400,0.0045158400
0.0002822400,0.0002822400,0.0045158400
0.0002755600,0.0002755600,0.0044089600
0.0003097600,0.0003097600,0.0049561600
0.0002560000,0.0002560000,0.0040960000
0.0002560000,0.0002560000,0.0040960000
0.0002890000,0.0002890000,0.0046240000
0.0002560000,0.0002560000,0.0040960000
0.0002624400,0.0002624400,0.0041990400
0.0002624400,0.0002624400,0.0041990400
0.0002624400,0.0002624400,0.0041990400
0.0002624400,0.0002624400,0.0041990400
0.0002624400,0.0002624400,0.0041990400
0.0002958400,0.0002958400,0.0047334400
0.0004243600,0.0004243600,0.0067897600
0.0003312400,0.0003312400,0.0052998400
0.0003385600,0.0003385600,0.0054169600
13.5424000000,13.5424000000,216.6784000000
17.3056000000,17.3056000000,276.8896000000
0.0003312400,0.0003312400,0.0052998400
0.0003385600,0.0003385600,0.0054169600
0.0004326400,0.0004326400,0.0069222400
0.0002890000,0.0002890000,0.0046240000
0.0003534400,0.0003534400,0.0056550400
0.0002890000,0.0002890000,0.0046240000
0.0002890000,0.0002890000,0.0046240000
0.0002890000,0.0002890000,0.0046240000
11.5600000000,11.5600000000,184.9600000000
11.2896000000,11.2896000000,180.6336000000
14.1376000000,14.1376000000,226.2016000000
16.6464000000,16.6464000000,266.3424000000
14.1376000000,14.1376000000,226.2016000000
13.8384000000,13.8384000000,221.4144000000
17.6400000000,17.6400000000,282.2400000000
13.8384000000,13.8384000000,221.4144000000
13.8384000000,13.8384000000,221.4144000000
17.6400000000,17.6400000000,282.2400000000
17.6400000000,17.6400000000,282.2400000000
17.9776000000,17.9776000000,287.6416000000
17.6400000000,17.6400000000,282.2400000000
17.9776000000,17.9776000000,287.6416000000
18.3184000000,18.3184000000,293.0944000000
18.3184000000,18.3184000000,293.0944000000
14.1376000000,14.1376000000,226.2016000000
13.8384000000,13.8384000000,221.4144000000
18.3184000000,18.3184000000,293.0944000000
14.1376000000,14.1376000000,226.2016000000
12.9600000000,12.9600000000,207.3600000000
16.6464000000,16.6464000000,266.3424000000
11.0224000000,11.0224000000,176.3584000000
11.0224000000,11.0224000000,176.3584000000
12.3904000000,12.3904000000,198.2464000000
12.3904000000,12.3904000000,198.2464000000
11.0224000000,11.0224000000,176.3584000000
11.0224000000,11.0224000000,176.3584000000
11.0224000000,11.0224000000,176.3584000000
11.0224000000,11.0224000000,176.3584000000
11.2896000000,11.2896000000,180.6336000000
11.2896000000,11.2896000000,180.6336000000
11.2896000000,11.2896000000,180.6336000000
18.3184000000,18.3184000000,293.0944000000
14.1376000000,14.1376000000,226.2016000000
14.1376000000,14.1376000000,226.2016000000
17.6400000000,17.6400000000,282.2400000000
17.6400000000,17.6400000000,282.2400000000
17.6400000000,17.6400000000,282.2400000000
20.0704000000,20.0704000000,321.1264000000
17.6400000000,17.6400000000,282.2400000000
20.0704000000,20.0704000000,321.1264000000
17.6400000000,17.6400000000,282.2400000000
13.8384000000,13.8384000000,221.4144000000
13.8384000000,13.8384000000,221.4144000000
12.3904000000,12.3904000000,198.2464000000
13.8384000000,13.8384000000,221.4144000000
12.3904000000,12.3904000000,198.2464000000
12.3904000000,12.3904000000,198.2464000000
13.8384000000,13.8384000000,221.4144000000
13.8384000000,13.8384000000,221.4144000000
12.3904000000,12.3904000000,198.2464000000
12.3904000000,12.3904000000,198.2464000000
12.3904000000,12.3904000000,198.2464000000
12.3904000000,12.3904000000,198.2464000000
12.3904000000,12.3904000000,198.2464000000
12.3904000000,12.3904000000,198.2464000000
12.3904000000,12.3904000000,198.2464000000
12.3904000000,12.3904000000,198.2464000000
15.0544000000,15.0544000000,240.8704000000
15.0544000000,15.0544000000,240.8704000000
15.0544000000,15.0544000000,240.8704000000
15.0544000000,15.0544000000,240.8704000000
23.0400000000,23.0400000000,368.6400000000
23.0400000000,23.0400000000,368.6400000000
22.6576000000,22.6576000000,362.5216000000
13.8384000000,13.8384000000,221.4144000000
12.3904000000,12.3904000000,198.2464000000
14.7456000000,14.7456000000,235.9296000000
13.8384000000,13.8384000000,221.4144000000
14.7456000000,14.7456000000,235.9296000000
17.6400000000,17.6400000000,282.2400000000
38.4400000000,38.4400000000,615.0400000000
13.5424000000,13.5424000000,216.6784000000
0.0098010000,0.0098010000,0.1568160000
13.2496000000,13.2496000000,211.9936000000
0.0073960000,0.0073960000,0.1183360000
0.0088360000,0.0088360000,0.1413760000
0.0116640000,0.0116640000,0.1866240000
0.0092160000,0.0092160000,0.1474560000
0.0141610000,0.0141610000,0.2265760000
0.0057760000,0.0057760000,0.0924160000
0.0072250000,0.0072250000,0.1156000000
0.0187690000,0.0187690000,0.3003040000
0.0057760000,0.0057760000,0.0924160000
0.0096040000,0.0096040000,0.1536640000
0.0187690000,0.0187690000,0.3003040000
0.0121000000,0.0121000000,0.1936000000
0.0187690000,0.0187690000,0.3003040000
0.0210250000,0.0210250000,0.3364000000
0.0125440000,0.0125440000,0.2007040000
0.0125440000,0.0125440000,0.2007040000
0.0184960000,0.0184960000,0.2959360000
0.0077440000,0.0077440000,0.1239040000
0.0072250000,0.0072250000,0.1156000000
29.5936000000,29.5936000000,473.4976000000
11.5600000000,11.5600000000,184.9600000000
11.5600000000,11.5600000000,184.9600000000
19.0096000000,19.0096000000,304.1536000000
12.3904000000,12.3904000000,198.2464000000
26.6256000000,26.6256000000,426.0096000000
43.0336000000,43.0336000000,688.5376000000
24.6016000000,24.6016000000,393.6256000000
25.8064000000,25.8064000000,412.9024000000
42.5104000000,42.5104000000,680.1664000000
24.6016000000,24.6016000000,393.6256000000
24.6016000000,24.6016000000,393.6256000000
0.0240250000,0.0240250000,0.3844000000
0.0153760000,0.0153760000,0.2460160000
19.7136000000,19.7136000000,315.4176000000
19.0096000000,19.0096000000,304.1536000000
24.6016000000,24.6016000000,393.6256000000
19.7136000000,19.7136000000,315.4176000000
31.3600000000,31.3600000000,501.7600000000
19.7136000000,19.7136000000,315.4176000000
19.7136000000,19.7136000000,315.4176000000
31.3600000000,31.3600000000,501.7600000000
27.4576000000,27.4576000000,439.3216000000
0.0123210000,0.0123210000,0.1971360000
0.0134560000,0.0134560000,0.2152960000
0.0179560000,0.0179560000,0.2872960000
0.0129960000,0.0129960000,0.2079360000
0.0228010000,0.0228010000,0.3648160000
27.8784000000,27.8784000000,446.0544000000
21.1600000000,21.1600000000,338.5600000000
21.1600000000,21.1600000000,338.5600000000
21.1600000000,21.1600000000,338.5600000000
21.1600000000,21.1600000000,338.5600000000
21.1600000000,21.1600000000,338.5600000000
27.8784000000,27.8784000000,446.0544000000
20.7936000000,20.7936000000,332.6976000000
33.6400000000,33.6400000000,538.2400000000
27.4576000000,27.4576000000,439.3216000000
21.5296000000,21.5296000000,344.4736000000
16.6464000000,16.6464000000,266.3424000000
21.9024000000,21.9024000000,350.4384000000
21.5296000000,21.5296000000,344.4736000000
15.6816000000,15.6816000000,250.9056000000
15.6816000000,15.6816000000,250.9056000000
15.6816000000,15.6816000000,250.9056000000
15.6816000000,15.6816000000,250.9056000000
28.7296000000,28.7296000000,459.6736000000
15.6816000000,15.6816000000,250.9056000000
27.4576000000,27.4576000000,439.3216000000
27.4576000000,27.4576000000,439.3216000000
28.7296000000,28.7296000000,459.6736000000
28.7296000000,28.7296000000,459.6736000000
28.7296000000,28.7296000000,459.6736000000
29.1600000000,29.1600000000,466.5600000000
29.1600000000,29.1600000000,466.5600000000
29.5936000000,29.5936000000,473.4976000000
29.5936000000,29.5936000000,473.4976000000
29.5936000000,29.5936000000,473.4976000000
30.0304000000,30.0304000000,480.4864000000
28.3024000000,28.3024000000,452.8384000000
28.3024000000,28.3024000000,452.8384000000
31.8096000000,31.8096000000,508.9536000000
31.8096000000,31.8096000000,508.9536000000
0.0198810000,0.0198810000,0.3180960000
0.0201640000,0.0201640000,0.3226240000
0.0201640000,0.0201640000,0.3226240000
0.0196000000,0.0196000000,0.3136000000
0.0136890000,0.0136890000,0.2190240000
0.0136890000,0.0136890000,0.2190240000
0.0136890000,0.0136890000,0.2190240000
0.0136890000,0.0136890000,0.2190240000
0.0121000000,0.0121000000,0.1936000000
0.0127690000,0.0127690000,0.2043040000
0.0082810000,0.0082810000,0.1324960000
0.0084640000,0.0084640000,0.1354240000
0.0134560000,0.0134560000,0.2152960000
0.0134560000,0.0134560000,0.2152960000
0.0134560000,0.0134560000,0.2152960000
0.0141610000,0.0141610000,0.2265760000
0.0067240000,0.0067240000,0.1075840000
0.0065610000,0.0065610000,0.1049760000
0.0051840000,0.0051840000,0.0829440000
0.0062410000,0.0062410000,0.0998560000
0.0065610000,0.0065610000,0.1049760000
0.0065610000,0.0065610000,0.1049760000
0.0079210000,0.0079210000,0.1267360000
0.0059290000,0.0059290000,0.0948640000
10.4976000000,10.4976000000,167.9616000000
0.0075690000,0.0075690000,0.1211040000
0.0059290000,0.0059290000,0.0948640000
0.0090250000,0.0090250000,0.1444000000
14.4400000000,14.4400000000,231.0400000000
