オプション,指定値,デフォルト値
gnss_topic,/rsf/nav_sat_fix,/fix
pointcloud_topic,/rsf/hokuyo_cloud2,/hokuyo3d3/hokuyo_cloud2
lio_topic,/rsf/lio_lidar_rate_odom,/hokuyo_lio/sync_odom
run_lio,true,true
gnss_cov_thre,0.01,0.01
imu_topic,/rsf/imu
slam_mode,gnss
pc_save_distance,2.0
wp_save_distance,4.0
gnss_min_movement_thre,4.0
lio_min_movement_thre,0.2
gravity_stride,1
orig_frame,rsf_hokuyo3d,yvt
target_frame,rsf_odom,lio_odom
thre_z_min,-0.2,-1.0
thre_z_max,2.0,20.0
map_resolution,0.05,0.05
thres_point_count,1,1
flag_pass_through,True,True
thre_radius,0.1,0.1
waypoint_tolerance,0.1,1.0
fix_rate,30,40
