map_file,waypoint_file,nav_type,interval
2025-11-29-11-22-ATC2025_2,2025-11-29-11-22-ATC2025_2,gnss,1
2025-11-29-11-26-ATC2025_3,2025-11-29-11-26-ATC2025_3,gnss,1
2025-11-29-13-29-ATC2025_4,2025-11-29-13-29-ATC2025_4,loc,1
2025-11-29-11-36-ATC2025_5,2025-11-29-11-36-ATC2025_5,loc,1
2025-11-29-11-39-ATC2025_6,2025-11-29-11-39-ATC2025_6,loc,1
2025-11-29-11-42-ATC2025_7_processed,2025-11-29-11-42-ATC2025_7_processed,loc,1
2025-11-29-11-50-ATC2025_8,2025-11-29-11-50-ATC2025_8,loc,300
2025-11-29-11-57-ATC2025_10,2025-11-29-11-57-ATC2025_10,loc,1
2025-11-29-13-13-ATC2025_1,2025-11-29-13-13-ATC2025_1,gnss,1
